run_name,traj_id,model_name,model_note,sample_index,seed_used,prompt,category,source_split,template_id,prompt_id,topic_id,prompt_uid,generation_mode,q_id,title,selftext,subreddit,answer_ids_json,answer_texts_json,answer_scores_json,top_answer_text,top_answer_score,generated_text,full_text,num_tokens,trajectory_path
hw2_full_seed42,EleutherAI_pythia-70m_00000,EleutherAI/pythia-70m,smaller GPT-NeoX style baseline for contrast,0,42,Explain the central idea of the fall of Constantinople in plain language.,History,synthetic,template_00,history_topic_00,history_topic_00,history_topic_00_template_00,top_p_sampling,history_topic_00_template_00,Explain the central idea of the fall of Constantinople in plain language.,,,[],[],[],,,"The Greeks and their people seem to have written an account of the land that the Greeks (or, ""the Turk"") had in common with the government, but with the assistance of the Greek and their people. There is no more of the","Explain the central idea of the fall of Constantinople in plain language.

The Greeks and their people seem to have written an account of the land that the Greeks (or, ""the Turk"") had in common with the government, but with the assistance of the Greek and their people. There is no more of the",50,/Users/hamzavedatcengiz/Documents/anlambilim/24501077_HW2/runs/hw2_full_seed42/trajectories/EleutherAI_pythia-70m_00000.npy
hw2_full_seed42,EleutherAI_pythia-70m_00100,EleutherAI/pythia-70m,smaller GPT-NeoX style baseline for contrast,100,142,Explain the central idea of entropy in plain language.,Physics,synthetic,template_00,physics_topic_00,physics_topic_00,physics_topic_00_template_00,top_p_sampling,physics_topic_00_template_00,Explain the central idea of entropy in plain language.,,,[],[],[],,,"For a review of Section \[Sec:E\] we have $$\begin{aligned}
\nonumber
 \label{eqn:Entp}
    {\hat{P}}_{i}(\theta) &= \theta \frac{1}{1-\","Explain the central idea of entropy in plain language. For a review of Section \[Sec:E\] we have $$\begin{aligned}
\nonumber
 \label{eqn:Entp}
    {\hat{P}}_{i}(\theta) &= \theta \frac{1}{1-\",50,/Users/hamzavedatcengiz/Documents/anlambilim/24501077_HW2/runs/hw2_full_seed42/trajectories/EleutherAI_pythia-70m_00100.npy
hw2_full_seed42,EleutherAI_pythia-70m_00200,EleutherAI/pythia-70m,smaller GPT-NeoX style baseline for contrast,200,242,Explain the central idea of natural selection in plain language.,Biology,synthetic,template_00,biology_topic_00,biology_topic_00,biology_topic_00_template_00,top_p_sampling,biology_topic_00_template_00,Explain the central idea of natural selection in plain language.,,,[],[],[],,,"The question is whether one would have to choose the subject from a certain range, and whether the answer would be different if one wanted to go to the next, or whether the answer would be different. What would be the opposite of a question if one","Explain the central idea of natural selection in plain language. The question is whether one would have to choose the subject from a certain range, and whether the answer would be different if one wanted to go to the next, or whether the answer would be different. What would be the opposite of a question if one",50,/Users/hamzavedatcengiz/Documents/anlambilim/24501077_HW2/runs/hw2_full_seed42/trajectories/EleutherAI_pythia-70m_00200.npy
hw2_full_seed42,EleutherAI_pythia-70m_00300,EleutherAI/pythia-70m,smaller GPT-NeoX style baseline for contrast,300,342,Explain the central idea of distributed systems in plain language.,Technology,synthetic,template_00,technology_topic_00,technology_topic_00,technology_topic_00_template_00,top_p_sampling,technology_topic_00_template_00,Explain the central idea of distributed systems in plain language.,,,[],[],[],,,I am sure that the most practical way to go about a web server is to do so. But as long as you don’t have to be server-side or a “on-the-fly” server you work on a time,"Explain the central idea of distributed systems in plain language.

I am sure that the most practical way to go about a web server is to do so. But as long as you don’t have to be server-side or a “on-the-fly” server you work on a time",50,/Users/hamzavedatcengiz/Documents/anlambilim/24501077_HW2/runs/hw2_full_seed42/trajectories/EleutherAI_pythia-70m_00300.npy
hw2_full_seed42,EleutherAI_pythia-70m_00400,EleutherAI/pythia-70m,smaller GPT-NeoX style baseline for contrast,400,442,Explain the central idea of inflation in plain language.,Economics,synthetic,template_00,economics_topic_00,economics_topic_00,economics_topic_00_template_00,top_p_sampling,economics_topic_00_template_00,Explain the central idea of inflation in plain language.,,,[],[],[],,,"I'm also more confused about the law that has been the guide to the area of inflation, and that we should go out in the middle of the 19th century. It is a particularly simple one. The first legislation was passed in 1915","Explain the central idea of inflation in plain language.

I'm also more confused about the law that has been the guide to the area of inflation, and that we should go out in the middle of the 19th century. It is a particularly simple one. The first legislation was passed in 1915",50,/Users/hamzavedatcengiz/Documents/anlambilim/24501077_HW2/runs/hw2_full_seed42/trajectories/EleutherAI_pythia-70m_00400.npy
hw2_full_seed42,EleutherAI_pythia-70m_00500,EleutherAI/pythia-70m,smaller GPT-NeoX style baseline for contrast,500,542,Explain the central idea of confirmation bias in plain language.,Psychology,synthetic,template_00,psychology_topic_00,psychology_topic_00,psychology_topic_00_template_00,top_p_sampling,psychology_topic_00_template_00,Explain the central idea of confirmation bias in plain language.,,,[],[],[],,,"The U.S. Department of Commerce made a tax loophole in its regulation, the filing on the U.S. Tax Court for Federal Tax Relief. It also argued that the U.S. Government was violating the Commerce Clause","Explain the central idea of confirmation bias in plain language.

The U.S. Department of Commerce made a tax loophole in its regulation, the filing on the U.S. Tax Court for Federal Tax Relief. It also argued that the U.S. Government was violating the Commerce Clause",50,/Users/hamzavedatcengiz/Documents/anlambilim/24501077_HW2/runs/hw2_full_seed42/trajectories/EleutherAI_pythia-70m_00500.npy
hw2_full_seed42,EleutherAI_pythia-70m_00600,EleutherAI/pythia-70m,smaller GPT-NeoX style baseline for contrast,600,642,Explain the central idea of prime numbers in plain language.,Mathematics,synthetic,template_00,mathematics_topic_00,mathematics_topic_00,mathematics_topic_00_template_00,top_p_sampling,mathematics_topic_00_template_00,Explain the central idea of prime numbers in plain language.,,,[],[],[],,,"It was, then, that the American people got their first degree degrees from America. They did not.

This is what this story is about.

The president said they had the first degree. I suppose this is a great story.","Explain the central idea of prime numbers in plain language. It was, then, that the American people got their first degree degrees from America. They did not.

This is what this story is about.

The president said they had the first degree. I suppose this is a great story.",50,/Users/hamzavedatcengiz/Documents/anlambilim/24501077_HW2/runs/hw2_full_seed42/trajectories/EleutherAI_pythia-70m_00600.npy
hw2_full_seed42,EleutherAI_pythia-70m_00700,EleutherAI/pythia-70m,smaller GPT-NeoX style baseline for contrast,700,742,Explain the central idea of folklore transmission in plain language.,Culture,synthetic,template_00,culture_topic_00,culture_topic_00,culture_topic_00_template_00,top_p_sampling,culture_topic_00_template_00,Explain the central idea of folklore transmission in plain language.,,,[],[],[],,,"In the case of the PLS, the model is not the same as in the case of the PLS. In fact, a compact geometry of the system is very similar to the one of the PLS. The corresponding model of the","Explain the central idea of folklore transmission in plain language.

In the case of the PLS, the model is not the same as in the case of the PLS. In fact, a compact geometry of the system is very similar to the one of the PLS. The corresponding model of the",50,/Users/hamzavedatcengiz/Documents/anlambilim/24501077_HW2/runs/hw2_full_seed42/trajectories/EleutherAI_pythia-70m_00700.npy
hw2_full_seed42,EleutherAI_pythia-70m_00800,EleutherAI/pythia-70m,smaller GPT-NeoX style baseline for contrast,800,842,Explain the central idea of chiaroscuro in plain language.,Art,synthetic,template_00,art_topic_00,art_topic_00,art_topic_00_template_00,top_p_sampling,art_topic_00_template_00,Explain the central idea of chiaroscuro in plain language.,,,[],[],[],,,"In the next paragraph, we will give a brief description of the process of chiaroscuro in the order we are going to explain.

4. The Abduction of the Salary of a Child

In the process of chiar","Explain the central idea of chiaroscuro in plain language. In the next paragraph, we will give a brief description of the process of chiaroscuro in the order we are going to explain.

4. The Abduction of the Salary of a Child

In the process of chiar",50,/Users/hamzavedatcengiz/Documents/anlambilim/24501077_HW2/runs/hw2_full_seed42/trajectories/EleutherAI_pythia-70m_00800.npy
hw2_full_seed42,EleutherAI_pythia-70m_00900,EleutherAI/pythia-70m,smaller GPT-NeoX style baseline for contrast,900,942,Explain the central idea of the offside rule in plain language.,Sports,synthetic,template_00,sports_topic_00,sports_topic_00,sports_topic_00_template_00,top_p_sampling,sports_topic_00_template_00,Explain the central idea of the offside rule in plain language.,,,[],[],[],,,"The twist is that if the two parties agreed to the three-party waiver, the court would then grant the State's motion to dismiss.

The courts have no power to grant the right to an affirmative defense of waiver. See Ch","Explain the central idea of the offside rule in plain language.

The twist is that if the two parties agreed to the three-party waiver, the court would then grant the State's motion to dismiss.

The courts have no power to grant the right to an affirmative defense of waiver. See Ch",50,/Users/hamzavedatcengiz/Documents/anlambilim/24501077_HW2/runs/hw2_full_seed42/trajectories/EleutherAI_pythia-70m_00900.npy
