sample_index,category,source_split,template_id,prompt_id,topic_id,prompt_uid,prompt,generation_mode,q_id,title,selftext,subreddit,answer_ids_json,answer_texts_json,answer_scores_json,top_answer_text,top_answer_score
0,History,synthetic,template_00,history_topic_00,history_topic_00,history_topic_00_template_00,Explain the central idea of the fall of Constantinople in plain language.,greedy_argmax,history_topic_00_template_00,Explain the central idea of the fall of Constantinople in plain language.,,,[],[],[],,
100,Physics,synthetic,template_00,physics_topic_00,physics_topic_00,physics_topic_00_template_00,Explain the central idea of entropy in plain language.,greedy_argmax,physics_topic_00_template_00,Explain the central idea of entropy in plain language.,,,[],[],[],,
200,Biology,synthetic,template_00,biology_topic_00,biology_topic_00,biology_topic_00_template_00,Explain the central idea of natural selection in plain language.,greedy_argmax,biology_topic_00_template_00,Explain the central idea of natural selection in plain language.,,,[],[],[],,
300,Technology,synthetic,template_00,technology_topic_00,technology_topic_00,technology_topic_00_template_00,Explain the central idea of distributed systems in plain language.,greedy_argmax,technology_topic_00_template_00,Explain the central idea of distributed systems in plain language.,,,[],[],[],,
400,Economics,synthetic,template_00,economics_topic_00,economics_topic_00,economics_topic_00_template_00,Explain the central idea of inflation in plain language.,greedy_argmax,economics_topic_00_template_00,Explain the central idea of inflation in plain language.,,,[],[],[],,
500,Psychology,synthetic,template_00,psychology_topic_00,psychology_topic_00,psychology_topic_00_template_00,Explain the central idea of confirmation bias in plain language.,greedy_argmax,psychology_topic_00_template_00,Explain the central idea of confirmation bias in plain language.,,,[],[],[],,
600,Mathematics,synthetic,template_00,mathematics_topic_00,mathematics_topic_00,mathematics_topic_00_template_00,Explain the central idea of prime numbers in plain language.,greedy_argmax,mathematics_topic_00_template_00,Explain the central idea of prime numbers in plain language.,,,[],[],[],,
700,Culture,synthetic,template_00,culture_topic_00,culture_topic_00,culture_topic_00_template_00,Explain the central idea of folklore transmission in plain language.,greedy_argmax,culture_topic_00_template_00,Explain the central idea of folklore transmission in plain language.,,,[],[],[],,
800,Art,synthetic,template_00,art_topic_00,art_topic_00,art_topic_00_template_00,Explain the central idea of chiaroscuro in plain language.,greedy_argmax,art_topic_00_template_00,Explain the central idea of chiaroscuro in plain language.,,,[],[],[],,
900,Sports,synthetic,template_00,sports_topic_00,sports_topic_00,sports_topic_00_template_00,Explain the central idea of the offside rule in plain language.,greedy_argmax,sports_topic_00_template_00,Explain the central idea of the offside rule in plain language.,,,[],[],[],,
